Year,Regular,Regular % Alive,Highend,Highend % Alive
1,631,0.631,869,0.8690000000000001
2,468,0.46799999999999997,743,0.743
3,382,0.382,653,0.653
4,326,0.326,593,0.593
5,289,0.289,551,0.551
6,262,0.262,517,0.517
7,241,0.24100000000000002,491,0.491
8,223,0.223,468,0.46799999999999997
9,207,0.207,445,0.445
10,194,0.19399999999999998,427,0.42700000000000005
11,183,0.183,409,0.409
12,173,0.17300000000000001,394,0.39399999999999996
