values,actual,forecast
0.0,271,272.2024731838194
1.0,67,63.40266072839304
2.0,30,30.48039073304582
3.0,20,17.171104849762354
4.0,9,10.382548250714512
5.0,5,6.535130511980577
6.0,1,4.221402764608624
7.0,2,2.776654122350854
8.0,2,1.850936868199249
9.0,1,1.2465888996006913
10.0,5,2.7301090875249323
